{"cameraMode":{"drawMode":0,"name":"Shaded","section":"Shading Mode"},"sceneLighting":true,"audioPlay":false,"sceneViewState":{"m_AlwaysRefresh":false,"showFog":true,"showSkybox":false,"showFlares":true,"showImageEffects":true,"showParticleSystems":true,"showVisualEffectGraphs":true,"m_FxEnabled":true},"in2DMode":false,"pivot":{"x":-264.9256591796875,"y":150.66038513183595,"z":-230.85621643066407},"rotation":{"x":-0.020564153790473939,"y":0.9958733320236206,"z":-0.026061559095978738,"w":0.09857430309057236},"size":0.332469642162323,"orthographic":false}