{"cameraMode":{"drawMode":0,"name":"Shaded","section":"Shading Mode"},"sceneLighting":false,"audioPlay":false,"sceneViewState":{"m_AlwaysRefresh":false,"showFog":true,"showSkybox":false,"showFlares":true,"showImageEffects":true,"showParticleSystems":true,"showVisualEffectGraphs":true,"m_FxEnabled":true},"in2DMode":false,"pivot":{"x":-262.07879638671877,"y":150.88104248046876,"z":-226.9397430419922},"rotation":{"x":0.06428766250610352,"y":0.41540202498435976,"z":-0.04192906618118286,"w":0.9078481197357178},"size":0.5502771735191345,"orthographic":false}