{"cameraMode":{"drawMode":0,"name":"Shaded","section":"Shading Mode"},"sceneLighting":false,"audioPlay":false,"sceneViewState":{"m_AlwaysRefresh":false,"showFog":true,"showSkybox":false,"showFlares":true,"showImageEffects":true,"showParticleSystems":true,"showVisualEffectGraphs":true,"m_FxEnabled":true},"in2DMode":false,"pivot":{"x":-260.37603759765627,"y":153.3079071044922,"z":-208.55648803710938},"rotation":{"x":0.053517334163188937,"y":-0.07391392439603806,"z":-0.0039759972132742409,"w":-0.9958270192146301},"size":11.30699634552002,"orthographic":false}